{
  "MOTA": -0.8244444444444445,
  "MOTP": 354.75225830078125,
  "precision": 0.20970266040688576,
  "recall": 0.29777777777777775,
  "f1": 0.2460973370064279,
  "id_switches": 0,
  "fp_rate": 22.444444444444443,
  "fn_rate": 14.044444444444444,
  "total_matches": 268,
  "total_fp": 1010,
  "total_fn": 632
}